,tourney_year_id,tourney_order,tourney_slug,tourney_url_suffix,tourney_round_name,round_order,match_order,winner_name,winner_player_id,winner_slug,loser_name,loser_player_id,loser_slug,winner_seed,loser_seed,match_score_tiebreaks,winner_sets_won,loser_sets_won,winner_games_won,loser_games_won,winner_tiebreaks_won,loser_tiebreaks_won,match_id,match_stats_url_suffix
0,2018-580,6,australian-open,/en/scores/archive/australian-open/580/2018/results,Finals,1,1,Roger Federer,f324,roger-federer,Marin Cilic,c977,marin-cilic,2,6,62 67(5) 63 36 61,3,2,27,19,0,1,2018-580-f324-c977,/en/scores/2018/580/MS001/match-stats
1,2018-580,6,australian-open,/en/scores/archive/australian-open/580/2018/results,Semi-Finals,2,1,Roger Federer,f324,roger-federer,Hyeon Chung,ch27,hyeon-chung,2,,61 52 (RET),2,0,11,3,0,0,2018-580-f324-ch27,/en/scores/2018/580/MS003/match-stats
2,2018-580,6,australian-open,/en/scores/archive/australian-open/580/2018/results,Semi-Finals,2,2,Marin Cilic,c977,marin-cilic,Kyle Edmund,e831,kyle-edmund,6,,62 76(4) 62,3,0,19,10,1,0,2018-580-c977-e831,/en/scores/2018/580/MS002/match-stats
3,2018-580,6,australian-open,/en/scores/archive/australian-open/580/2018/results,Quarter-Finals,3,1,Marin Cilic,c977,marin-cilic,Rafael Nadal,n409,rafael-nadal,6,1,36 63 67(5) 62 20 (RET),3,2,23,18,0,1,2018-580-c977-n409,/en/scores/2018/580/MS004/match-stats
4,2018-580,6,australian-open,/en/scores/archive/australian-open/580/2018/results,Quarter-Finals,3,2,Roger Federer,f324,roger-federer,Tomas Berdych,ba47,tomas-berdych,2,19,76(1) 63 64,3,0,19,13,1,0,2018-580-f324-ba47,/en/scores/2018/580/MS007/match-stats
5,2018-580,6,australian-open,/en/scores/archive/australian-open/580/2018/results,Quarter-Finals,3,3,Kyle Edmund,e831,kyle-edmund,Grigor Dimitrov,d875,grigor-dimitrov,,3,64 36 63 64,3,1,21,17,0,0,2018-580-e831-d875,/en/scores/2018/580/MS005/match-stats
6,2018-580,6,australian-open,/en/scores/archive/australian-open/580/2018/results,Quarter-Finals,3,4,Hyeon Chung,ch27,hyeon-chung,Tennys Sandgren,sl08,tennys-sandgren,,,64 76(5) 63,3,0,19,13,1,0,2018-580-ch27-sl08,/en/scores/2018/580/MS006/match-stats
7,2018-580,6,australian-open,/en/scores/archive/australian-open/580/2018/results,Round of 16,4,1,Rafael Nadal,n409,rafael-nadal,Diego Schwartzman,sm37,diego-schwartzman,1,24,63 67(4) 63 63,3,1,24,16,0,1,2018-580-n409-sm37,/en/scores/2018/580/MS008/match-stats
8,2018-580,6,australian-open,/en/scores/archive/australian-open/580/2018/results,Round of 16,4,2,Roger Federer,f324,roger-federer,Marton Fucsovics,f724,marton-fucsovics,2,,64 76(3) 62,3,0,19,12,1,0,2018-580-f324-f724,/en/scores/2018/580/MS015/match-stats
9,2018-580,6,australian-open,/en/scores/archive/australian-open/580/2018/results,Round of 16,4,3,Grigor Dimitrov,d875,grigor-dimitrov,Nick Kyrgios,ke17,nick-kyrgios,3,17,76(3) 76(4) 46 76(4),3,1,25,24,3,0,2018-580-d875-ke17,/en/scores/2018/580/MS010/match-stats
10,2018-580,6,australian-open,/en/scores/archive/australian-open/580/2018/results,Round of 16,4,4,Tennys Sandgren,sl08,tennys-sandgren,Dominic Thiem,tb69,dominic-thiem,,5,62 46 76(4) 67(7) 63,3,2,29,24,1,1,2018-580-sl08-tb69,/en/scores/2018/580/MS012/match-stats
11,2018-580,6,australian-open,/en/scores/archive/australian-open/580/2018/results,Round of 16,4,5,Marin Cilic,c977,marin-cilic,Pablo Carreno Busta,cd85,pablo-carreno-busta,6,10,67(2) 63 76(0) 76(3),3,1,26,22,2,1,2018-580-c977-cd85,/en/scores/2018/580/MS009/match-stats
12,2018-580,6,australian-open,/en/scores/archive/australian-open/580/2018/results,Round of 16,4,6,Hyeon Chung,ch27,hyeon-chung,Novak Djokovic,d643,novak-djokovic,,14,76(4) 75 76(3),3,0,21,17,2,0,2018-580-ch27-d643,/en/scores/2018/580/MS013/match-stats
13,2018-580,6,australian-open,/en/scores/archive/australian-open/580/2018/results,Round of 16,4,7,Tomas Berdych,ba47,tomas-berdych,Fabio Fognini,f510,fabio-fognini,19,25,61 64 64,3,0,18,9,0,0,2018-580-ba47-f510,/en/scores/2018/580/MS014/match-stats
14,2018-580,6,australian-open,/en/scores/archive/australian-open/580/2018/results,Round of 16,4,8,Kyle Edmund,e831,kyle-edmund,Andreas Seppi,sa93,andreas-seppi,,,67(4) 75 62 63,3,1,25,17,0,1,2018-580-e831-sa93,/en/scores/2018/580/MS011/match-stats
15,2018-580,6,australian-open,/en/scores/archive/australian-open/580/2018/results,Round of 32,5,1,Rafael Nadal,n409,rafael-nadal,Damir Dzumhur,d923,damir-dzumhur,1,28,61 63 61,3,0,18,5,0,0,2018-580-n409-d923,/en/scores/2018/580/MS016/match-stats
16,2018-580,6,australian-open,/en/scores/archive/australian-open/580/2018/results,Round of 32,5,2,Roger Federer,f324,roger-federer,Richard Gasquet,g628,richard-gasquet,2,29,62 75 64,3,0,19,11,0,0,2018-580-f324-g628,/en/scores/2018/580/MS031/match-stats
17,2018-580,6,australian-open,/en/scores/archive/australian-open/580/2018/results,Round of 32,5,3,Grigor Dimitrov,d875,grigor-dimitrov,Andrey Rublev,re44,andrey-rublev,3,30,63 46 64 64,3,1,22,17,0,0,2018-580-d875-re44,/en/scores/2018/580/MS020/match-stats
18,2018-580,6,australian-open,/en/scores/archive/australian-open/580/2018/results,Round of 32,5,4,Hyeon Chung,ch27,hyeon-chung,Alexander Zverev,z355,alexander-zverev,,4,57 76(3) 26 63 60,3,2,26,22,1,0,2018-580-ch27-z355,/en/scores/2018/580/MS027/match-stats
19,2018-580,6,australian-open,/en/scores/archive/australian-open/580/2018/results,Round of 32,5,5,Dominic Thiem,tb69,dominic-thiem,Adrian Mannarino,me82,adrian-mannarino,5,26,64 62 75,3,0,19,11,0,0,2018-580-tb69-me82,/en/scores/2018/580/MS024/match-stats
20,2018-580,6,australian-open,/en/scores/archive/australian-open/580/2018/results,Round of 32,5,6,Marin Cilic,c977,marin-cilic,Ryan Harrison,h940,ryan-harrison,6,,76(4) 63 76(4),3,0,20,15,2,0,2018-580-c977-h940,/en/scores/2018/580/MS019/match-stats
21,2018-580,6,australian-open,/en/scores/archive/australian-open/580/2018/results,Round of 32,5,7,Pablo Carreno Busta,cd85,pablo-carreno-busta,Gilles Muller,ma30,gilles-muller,10,23,76(4) 46 75 75,3,1,25,22,1,0,2018-580-cd85-ma30,/en/scores/2018/580/MS018/match-stats
22,2018-580,6,australian-open,/en/scores/archive/australian-open/580/2018/results,Round of 32,5,8,Tomas Berdych,ba47,tomas-berdych,Juan Martin del Potro,d683,juan-martin-del-potro,19,12,63 63 62,3,0,18,8,0,0,2018-580-ba47-d683,/en/scores/2018/580/MS029/match-stats
23,2018-580,6,australian-open,/en/scores/archive/australian-open/580/2018/results,Round of 32,5,9,Novak Djokovic,d643,novak-djokovic,Albert Ramos-Vinolas,r772,albert-ramos-vinolas,14,21,62 63 63,3,0,18,8,0,0,2018-580-d643-r772,/en/scores/2018/580/MS026/match-stats
24,2018-580,6,australian-open,/en/scores/archive/australian-open/580/2018/results,Round of 32,5,10,Nick Kyrgios,ke17,nick-kyrgios,Jo-Wilfried Tsonga,t786,jo-wilfried-tsonga,17,15,76(5) 46 76(6) 76(5),3,1,25,24,3,0,2018-580-ke17-t786,/en/scores/2018/580/MS021/match-stats
25,2018-580,6,australian-open,/en/scores/archive/australian-open/580/2018/results,Round of 32,5,11,Diego Schwartzman,sm37,diego-schwartzman,Alexandr Dolgopolov,d801,alexandr-dolgopolov,24,,67(1) 62 63 63,3,1,24,15,0,1,2018-580-sm37-d801,/en/scores/2018/580/MS017/match-stats
26,2018-580,6,australian-open,/en/scores/archive/australian-open/580/2018/results,Round of 32,5,12,Fabio Fognini,f510,fabio-fognini,Julien Benneteau,b747,julien-benneteau,25,,36 62 61 46 63,3,2,25,18,0,0,2018-580-f510-b747,/en/scores/2018/580/MS028/match-stats
27,2018-580,6,australian-open,/en/scores/archive/australian-open/580/2018/results,Round of 32,5,13,Kyle Edmund,e831,kyle-edmund,Nikoloz Basilashvili,bg23,nikoloz-basilashvili,,,76(0) 36 46 60 75,3,2,27,23,1,0,2018-580-e831-bg23,/en/scores/2018/580/MS022/match-stats
28,2018-580,6,australian-open,/en/scores/archive/australian-open/580/2018/results,Round of 32,5,14,Marton Fucsovics,f724,marton-fucsovics,Nicolas Kicker,kc29,nicolas-kicker,,,63 63 62,3,0,18,8,0,0,2018-580-f724-kc29,/en/scores/2018/580/MS030/match-stats
29,2018-580,6,australian-open,/en/scores/archive/australian-open/580/2018/results,Round of 32,5,15,Tennys Sandgren,sl08,tennys-sandgren,Maximilian Marterer,mn13,maximilian-marterer,,,57 63 75 76(5),3,1,25,21,1,0,2018-580-sl08-mn13,/en/scores/2018/580/MS025/match-stats
30,2018-580,6,australian-open,/en/scores/archive/australian-open/580/2018/results,Round of 32,5,16,Andreas Seppi,sa93,andreas-seppi,Ivo Karlovic,k336,ivo-karlovic,,,63 76(4) 67(3) 67(5) 97,3,2,34,30,1,2,2018-580-sa93-k336,/en/scores/2018/580/MS023/match-stats
31,2018-580,6,australian-open,/en/scores/archive/australian-open/580/2018/results,Round of 64,6,1,Rafael Nadal,n409,rafael-nadal,Leonardo Mayer,md56,leonardo-mayer,1,,63 64 76(4),3,0,19,13,1,0,2018-580-n409-md56,/en/scores/2018/580/MS032/match-stats
32,2018-580,6,australian-open,/en/scores/archive/australian-open/580/2018/results,Round of 64,6,2,Roger Federer,f324,roger-federer,Jan-Lennard Struff,sl28,jan-lennard-struff,2,,64 64 76(4),3,0,19,14,1,0,2018-580-f324-sl28,/en/scores/2018/580/MS063/match-stats
33,2018-580,6,australian-open,/en/scores/archive/australian-open/580/2018/results,Round of 64,6,3,Grigor Dimitrov,d875,grigor-dimitrov,Mackenzie McDonald,mk66,mackenzie-mcdonald,3,Q,46 62 64 06 86,3,2,24,24,0,0,2018-580-d875-mk66,/en/scores/2018/580/MS040/match-stats
34,2018-580,6,australian-open,/en/scores/archive/australian-open/580/2018/results,Round of 64,6,4,Alexander Zverev,z355,alexander-zverev,Peter Gojowczyk,g967,peter-gojowczyk,4,,61 63 46 63,3,1,22,13,0,0,2018-580-z355-g967,/en/scores/2018/580/MS055/match-stats
35,2018-580,6,australian-open,/en/scores/archive/australian-open/580/2018/results,Round of 64,6,5,Dominic Thiem,tb69,dominic-thiem,Denis Kudla,kb09,denis-kudla,5,Q,67(6) 36 63 62 63,3,2,27,21,0,1,2018-580-tb69-kb09,/en/scores/2018/580/MS048/match-stats
36,2018-580,6,australian-open,/en/scores/archive/australian-open/580/2018/results,Round of 64,6,6,Marin Cilic,c977,marin-cilic,Joao Sousa,sh90,joao-sousa,6,,61 75 62,3,0,19,8,0,0,2018-580-c977-sh90,/en/scores/2018/580/MS039/match-stats
37,2018-580,6,australian-open,/en/scores/archive/australian-open/580/2018/results,Round of 64,6,7,Julien Benneteau,b747,julien-benneteau,David Goffin,gb88,david-goffin,,7,16 76(5) 61 76(4),3,1,21,19,2,0,2018-580-b747-gb88,/en/scores/2018/580/MS056/match-stats
38,2018-580,6,australian-open,/en/scores/archive/australian-open/580/2018/results,Round of 64,6,8,Tennys Sandgren,sl08,tennys-sandgren,Stan Wawrinka,w367,stan-wawrinka,,9,62 61 64,3,0,18,7,0,0,2018-580-sl08-w367,/en/scores/2018/580/MS051/match-stats
39,2018-580,6,australian-open,/en/scores/archive/australian-open/580/2018/results,Round of 64,6,9,Pablo Carreno Busta,cd85,pablo-carreno-busta,Gilles Simon,sd32,gilles-simon,10,,62 30 (RET),2,0,9,2,0,0,2018-580-cd85-sd32,/en/scores/2018/580/MS036/match-stats
40,2018-580,6,australian-open,/en/scores/archive/australian-open/580/2018/results,Round of 64,6,10,Juan Martin del Potro,d683,juan-martin-del-potro,Karen Khachanov,ke29,karen-khachanov,12,,64 76(4) 67(0) 64,3,1,25,21,1,1,2018-580-d683-ke29,/en/scores/2018/580/MS059/match-stats
41,2018-580,6,australian-open,/en/scores/archive/australian-open/580/2018/results,Round of 64,6,11,Marton Fucsovics,f724,marton-fucsovics,Sam Querrey,q927,sam-querrey,,13,64 76(6) 46 62,3,1,23,18,1,0,2018-580-f724-q927,/en/scores/2018/580/MS060/match-stats
42,2018-580,6,australian-open,/en/scores/archive/australian-open/580/2018/results,Round of 64,6,12,Novak Djokovic,d643,novak-djokovic,Gael Monfils,mc65,gael-monfils,14,,46 63 61 63,3,1,22,13,0,0,2018-580-d643-mc65,/en/scores/2018/580/MS052/match-stats
43,2018-580,6,australian-open,/en/scores/archive/australian-open/580/2018/results,Round of 64,6,13,Jo-Wilfried Tsonga,t786,jo-wilfried-tsonga,Denis Shapovalov,su55,denis-shapovalov,15,,36 63 16 76(4) 75,3,2,24,26,1,0,2018-580-t786-su55,/en/scores/2018/580/MS043/match-stats
44,2018-580,6,australian-open,/en/scores/archive/australian-open/580/2018/results,Round of 64,6,14,Nick Kyrgios,ke17,nick-kyrgios,Viktor Troicki,t840,viktor-troicki,17,,75 64 76(2),3,0,20,15,1,0,2018-580-ke17-t840,/en/scores/2018/580/MS042/match-stats
45,2018-580,6,australian-open,/en/scores/archive/australian-open/580/2018/results,Round of 64,6,15,Tomas Berdych,ba47,tomas-berdych,Guillermo Garcia-Lopez,g476,guillermo-garcia-lopez,19,,63 26 62 63,3,1,20,14,0,0,2018-580-ba47-g476,/en/scores/2018/580/MS058/match-stats
46,2018-580,6,australian-open,/en/scores/archive/australian-open/580/2018/results,Round of 64,6,16,Albert Ramos-Vinolas,r772,albert-ramos-vinolas,Tim Smyczek,sf62,tim-smyczek,21,WC,64 62 76(2),3,0,19,12,1,0,2018-580-r772-sf62,/en/scores/2018/580/MS053/match-stats
47,2018-580,6,australian-open,/en/scores/archive/australian-open/580/2018/results,Round of 64,6,17,Gilles Muller,ma30,gilles-muller,Malek Jaziri,j267,malek-jaziri,23,,75 64 67(5) 36 62,3,2,28,24,0,1,2018-580-ma30-j267,/en/scores/2018/580/MS037/match-stats
48,2018-580,6,australian-open,/en/scores/archive/australian-open/580/2018/results,Round of 64,6,18,Diego Schwartzman,sm37,diego-schwartzman,Casper Ruud,rh16,casper-ruud,24,Q,64 62 63,3,0,18,9,0,0,2018-580-sm37-rh16,/en/scores/2018/580/MS034/match-stats
49,2018-580,6,australian-open,/en/scores/archive/australian-open/580/2018/results,Round of 64,6,19,Fabio Fognini,f510,fabio-fognini,Evgeny Donskoy,d864,evgeny-donskoy,25,,26 63 64 61,3,1,20,14,0,0,2018-580-f510-d864,/en/scores/2018/580/MS057/match-stats
50,2018-580,6,australian-open,/en/scores/archive/australian-open/580/2018/results,Round of 64,6,20,Adrian Mannarino,me82,adrian-mannarino,Jiri Vesely,v708,jiri-vesely,26,,63 76(4) 57 63,3,1,24,19,1,0,2018-580-me82-v708,/en/scores/2018/580/MS049/match-stats
51,2018-580,6,australian-open,/en/scores/archive/australian-open/580/2018/results,Round of 64,6,21,Damir Dzumhur,d923,damir-dzumhur,John Millman,mh30,john-millman,28,PR,75 36 64 61,3,1,22,16,0,0,2018-580-d923-mh30,/en/scores/2018/580/MS033/match-stats
52,2018-580,6,australian-open,/en/scores/archive/australian-open/580/2018/results,Round of 64,6,22,Richard Gasquet,g628,richard-gasquet,Lorenzo Sonego,su87,lorenzo-sonego,29,Q,62 62 63,3,0,18,7,0,0,2018-580-g628-su87,/en/scores/2018/580/MS062/match-stats
53,2018-580,6,australian-open,/en/scores/archive/australian-open/580/2018/results,Round of 64,6,23,Andrey Rublev,re44,andrey-rublev,Marcos Baghdatis,b837,marcos-baghdatis,30,,64 67(5) 64 62,3,1,24,17,0,1,2018-580-re44-b837,/en/scores/2018/580/MS041/match-stats
54,2018-580,6,australian-open,/en/scores/archive/australian-open/580/2018/results,Round of 64,6,24,Ryan Harrison,h940,ryan-harrison,Pablo Cuevas,c882,pablo-cuevas,,31,64 76(5) 64,3,0,19,14,1,0,2018-580-h940-c882,/en/scores/2018/580/MS038/match-stats
55,2018-580,6,australian-open,/en/scores/archive/australian-open/580/2018/results,Round of 64,6,25,Nikoloz Basilashvili,bg23,nikoloz-basilashvili,Ruben Bemelmans,be54,ruben-bemelmans,,Q,75 61 63,3,0,19,9,0,0,2018-580-bg23-be54,/en/scores/2018/580/MS045/match-stats
56,2018-580,6,australian-open,/en/scores/archive/australian-open/580/2018/results,Round of 64,6,26,Hyeon Chung,ch27,hyeon-chung,Daniil Medvedev,mm58,daniil-medvedev,,,76(4) 61 61,3,0,19,8,1,0,2018-580-ch27-mm58,/en/scores/2018/580/MS054/match-stats
57,2018-580,6,australian-open,/en/scores/archive/australian-open/580/2018/results,Round of 64,6,27,Alexandr Dolgopolov,d801,alexandr-dolgopolov,Matthew Ebden,e690,matthew-ebden,,,76(0) 63 64,3,0,19,13,1,0,2018-580-d801-e690,/en/scores/2018/580/MS035/match-stats
58,2018-580,6,australian-open,/en/scores/archive/australian-open/580/2018/results,Round of 64,6,28,Kyle Edmund,e831,kyle-edmund,Denis Istomin,i165,denis-istomin,,,62 62 64,3,0,18,8,0,0,2018-580-e831-i165,/en/scores/2018/580/MS044/match-stats
59,2018-580,6,australian-open,/en/scores/archive/australian-open/580/2018/results,Round of 64,6,29,Ivo Karlovic,k336,ivo-karlovic,Yuichi Sugita,se73,yuichi-sugita,,,76(3) 67(3) 75 46 1210,2,2,24,24,1,1,2018-580-k336-se73,/en/scores/2018/580/MS047/match-stats
60,2018-580,6,australian-open,/en/scores/archive/australian-open/580/2018/results,Round of 64,6,30,Nicolas Kicker,kc29,nicolas-kicker,Lukas Lacko,l797,lukas-lacko,,,62 75 16 75,3,1,21,18,0,0,2018-580-kc29-l797,/en/scores/2018/580/MS061/match-stats
61,2018-580,6,australian-open,/en/scores/archive/australian-open/580/2018/results,Round of 64,6,31,Maximilian Marterer,mn13,maximilian-marterer,Fernando Verdasco,v306,fernando-verdasco,,,64 46 76(5) 36 63,3,2,26,25,1,0,2018-580-mn13-v306,/en/scores/2018/580/MS050/match-stats
62,2018-580,6,australian-open,/en/scores/archive/australian-open/580/2018/results,Round of 64,6,32,Andreas Seppi,sa93,andreas-seppi,Yoshihito Nishioka,n732,yoshihito-nishioka,,PR,61 63 64,3,0,18,8,0,0,2018-580-sa93-n732,/en/scores/2018/580/MS046/match-stats
63,2018-580,6,australian-open,/en/scores/archive/australian-open/580/2018/results,Round of 128,7,1,Rafael Nadal,n409,rafael-nadal,Victor Estrella Burgos,e224,victor-estrella-burgos,1,,61 61 61,3,0,18,3,0,0,2018-580-n409-e224,/en/scores/2018/580/MS064/match-stats
64,2018-580,6,australian-open,/en/scores/archive/australian-open/580/2018/results,Round of 128,7,2,Roger Federer,f324,roger-federer,Aljaz Bedene,bh09,aljaz-bedene,2,,63 64 63,3,0,18,10,0,0,2018-580-f324-bh09,/en/scores/2018/580/MS127/match-stats
65,2018-580,6,australian-open,/en/scores/archive/australian-open/580/2018/results,Round of 128,7,3,Grigor Dimitrov,d875,grigor-dimitrov,Dennis Novak,db59,dennis-novak,3,Q,63 62 61,3,0,18,6,0,0,2018-580-d875-db59,/en/scores/2018/580/MS080/match-stats
66,2018-580,6,australian-open,/en/scores/archive/australian-open/580/2018/results,Round of 128,7,4,Alexander Zverev,z355,alexander-zverev,Thomas Fabbiano,f586,thomas-fabbiano,4,,61 76(5) 75,3,0,20,12,1,0,2018-580-z355-f586,/en/scores/2018/580/MS111/match-stats
67,2018-580,6,australian-open,/en/scores/archive/australian-open/580/2018/results,Round of 128,7,5,Dominic Thiem,tb69,dominic-thiem,Guido Pella,pc11,guido-pella,5,,64 64 64,3,0,18,12,0,0,2018-580-tb69-pc11,/en/scores/2018/580/MS096/match-stats
68,2018-580,6,australian-open,/en/scores/archive/australian-open/580/2018/results,Round of 128,7,6,Marin Cilic,c977,marin-cilic,Vasek Pospisil,pd07,vasek-pospisil,6,Q,62 62 46 76(5),3,1,23,16,1,0,2018-580-c977-pd07,/en/scores/2018/580/MS079/match-stats
69,2018-580,6,australian-open,/en/scores/archive/australian-open/580/2018/results,Round of 128,7,7,David Goffin,gb88,david-goffin,Matthias Bachinger,bc65,matthias-bachinger,7,Q,67(3) 63 62 64,3,1,24,16,0,1,2018-580-gb88-bc65,/en/scores/2018/580/MS112/match-stats
70,2018-580,6,australian-open,/en/scores/archive/australian-open/580/2018/results,Round of 128,7,8,Yuichi Sugita,se73,yuichi-sugita,Jack Sock,sm25,jack-sock,,8,61 76(4) 57 63,3,1,24,17,1,0,2018-580-se73-sm25,/en/scores/2018/580/MS095/match-stats
71,2018-580,6,australian-open,/en/scores/archive/australian-open/580/2018/results,Round of 128,7,9,Stan Wawrinka,w367,stan-wawrinka,Ricardas Berankis,be90,ricardas-berankis,9,PR,63 64 26 76(2),3,1,21,19,1,0,2018-580-w367-be90,/en/scores/2018/580/MS103/match-stats
72,2018-580,6,australian-open,/en/scores/archive/australian-open/580/2018/results,Round of 128,7,10,Pablo Carreno Busta,cd85,pablo-carreno-busta,Jason Kubler,kb95,jason-kubler,10,WC,75 46 75 61,3,1,24,17,0,0,2018-580-cd85-kb95,/en/scores/2018/580/MS072/match-stats
73,2018-580,6,australian-open,/en/scores/archive/australian-open/580/2018/results,Round of 128,7,11,Kyle Edmund,e831,kyle-edmund,Kevin Anderson,a678,kevin-anderson,,11,67(4) 63 36 63 64,3,2,27,23,0,1,2018-580-e831-a678,/en/scores/2018/580/MS088/match-stats
74,2018-580,6,australian-open,/en/scores/archive/australian-open/580/2018/results,Round of 128,7,12,Juan Martin del Potro,d683,juan-martin-del-potro,Frances Tiafoe,td51,frances-tiafoe,12,,63 64 63,3,0,18,10,0,0,2018-580-d683-td51,/en/scores/2018/580/MS119/match-stats
75,2018-580,6,australian-open,/en/scores/archive/australian-open/580/2018/results,Round of 128,7,13,Sam Querrey,q927,sam-querrey,Feliciano Lopez,l397,feliciano-lopez,13,,63 64 62,3,0,18,9,0,0,2018-580-q927-l397,/en/scores/2018/580/MS120/match-stats
76,2018-580,6,australian-open,/en/scores/archive/australian-open/580/2018/results,Round of 128,7,14,Novak Djokovic,d643,novak-djokovic,Donald Young,y124,donald-young,14,,61 62 64,3,0,18,7,0,0,2018-580-d643-y124,/en/scores/2018/580/MS104/match-stats
77,2018-580,6,australian-open,/en/scores/archive/australian-open/580/2018/results,Round of 128,7,15,Jo-Wilfried Tsonga,t786,jo-wilfried-tsonga,Kevin King,kb14,kevin-king,15,Q,64 64 61,3,0,18,9,0,0,2018-580-t786-kb14,/en/scores/2018/580/MS087/match-stats
78,2018-580,6,australian-open,/en/scores/archive/australian-open/580/2018/results,Round of 128,7,16,Matthew Ebden,e690,matthew-ebden,John Isner,i186,john-isner,,16,64 36 63 63,3,1,21,16,0,0,2018-580-e690-i186,/en/scores/2018/580/MS071/match-stats
79,2018-580,6,australian-open,/en/scores/archive/australian-open/580/2018/results,Round of 128,7,17,Nick Kyrgios,ke17,nick-kyrgios,Rogerio Dutra Silva,sc73,rogerio-dutra-silva,17,,61 62 64,3,0,18,7,0,0,2018-580-ke17-sc73,/en/scores/2018/580/MS084/match-stats
80,2018-580,6,australian-open,/en/scores/archive/australian-open/580/2018/results,Round of 128,7,18,Ruben Bemelmans,be54,ruben-bemelmans,Lucas Pouille,pf39,lucas-pouille,Q,18,64 64 67(4) 76(6),3,1,25,21,1,1,2018-580-be54-pf39,/en/scores/2018/580/MS091/match-stats
81,2018-580,6,australian-open,/en/scores/archive/australian-open/580/2018/results,Round of 128,7,19,Tomas Berdych,ba47,tomas-berdych,Alex de Minaur,dh58,alex-de-minaur,19,WC,63 36 60 61,3,1,21,10,0,0,2018-580-ba47-dh58,/en/scores/2018/580/MS116/match-stats
82,2018-580,6,australian-open,/en/scores/archive/australian-open/580/2018/results,Round of 128,7,20,Fernando Verdasco,v306,fernando-verdasco,Roberto Bautista Agut,bd06,roberto-bautista-agut,,20,61 75 75,3,0,20,11,0,0,2018-580-v306-bd06,/en/scores/2018/580/MS100/match-stats
83,2018-580,6,australian-open,/en/scores/archive/australian-open/580/2018/results,Round of 128,7,21,Albert Ramos-Vinolas,r772,albert-ramos-vinolas,Jared Donaldson,dc58,jared-donaldson,21,,62 63 64,3,0,18,9,0,0,2018-580-r772-dc58,/en/scores/2018/580/MS107/match-stats
84,2018-580,6,australian-open,/en/scores/archive/australian-open/580/2018/results,Round of 128,7,22,Lukas Lacko,l797,lukas-lacko,Milos Raonic,r975,milos-raonic,,22,67(5) 75 64 76(4),3,1,26,22,1,1,2018-580-l797-r975,/en/scores/2018/580/MS123/match-stats
85,2018-580,6,australian-open,/en/scores/archive/australian-open/580/2018/results,Round of 128,7,23,Gilles Muller,ma30,gilles-muller,Federico Delbonis,d874,federico-delbonis,23,,75 64 63,3,0,19,12,0,0,2018-580-ma30-d874,/en/scores/2018/580/MS075/match-stats
86,2018-580,6,australian-open,/en/scores/archive/australian-open/580/2018/results,Round of 128,7,24,Diego Schwartzman,sm37,diego-schwartzman,Dusan Lajovic,l987,dusan-lajovic,24,,26 63 57 64 119,3,2,30,29,0,0,2018-580-sm37-l987,/en/scores/2018/580/MS068/match-stats
87,2018-580,6,australian-open,/en/scores/archive/australian-open/580/2018/results,Round of 128,7,25,Fabio Fognini,f510,fabio-fognini,Horacio Zeballos,z184,horacio-zeballos,25,,64 64 75,3,0,19,13,0,0,2018-580-f510-z184,/en/scores/2018/580/MS115/match-stats
88,2018-580,6,australian-open,/en/scores/archive/australian-open/580/2018/results,Round of 128,7,26,Adrian Mannarino,me82,adrian-mannarino,Matteo Berrettini,bk40,matteo-berrettini,26,LL,64 64 64,3,0,18,12,0,0,2018-580-me82-bk40,/en/scores/2018/580/MS099/match-stats
89,2018-580,6,australian-open,/en/scores/archive/australian-open/580/2018/results,Round of 128,7,27,Yoshihito Nishioka,n732,yoshihito-nishioka,Philipp Kohlschreiber,k435,philipp-kohlschreiber,PR,27,63 26 60 16 62,3,2,21,17,0,0,2018-580-n732-k435,/en/scores/2018/580/MS092/match-stats
90,2018-580,6,australian-open,/en/scores/archive/australian-open/580/2018/results,Round of 128,7,28,Damir Dzumhur,d923,damir-dzumhur,Paolo Lorenzi,l503,paolo-lorenzi,28,,36 26 76(5) 62 64,3,2,24,24,1,0,2018-580-d923-l503,/en/scores/2018/580/MS067/match-stats
91,2018-580,6,australian-open,/en/scores/archive/australian-open/580/2018/results,Round of 128,7,29,Richard Gasquet,g628,richard-gasquet,Blaz Kavcic,k834,blaz-kavcic,29,,61 64 75,3,0,19,10,0,0,2018-580-g628-k834,/en/scores/2018/580/MS124/match-stats
92,2018-580,6,australian-open,/en/scores/archive/australian-open/580/2018/results,Round of 128,7,30,Andrey Rublev,re44,andrey-rublev,David Ferrer,f401,david-ferrer,30,,75 67(6) 62 67(6) 62,3,2,31,23,0,2,2018-580-re44-f401,/en/scores/2018/580/MS083/match-stats
93,2018-580,6,australian-open,/en/scores/archive/australian-open/580/2018/results,Round of 128,7,31,Pablo Cuevas,c882,pablo-cuevas,Mikhail Youzhny,y061,mikhail-youzhny,31,,76(7) 63 75,3,0,20,14,1,0,2018-580-c882-y061,/en/scores/2018/580/MS076/match-stats
94,2018-580,6,australian-open,/en/scores/archive/australian-open/580/2018/results,Round of 128,7,32,Hyeon Chung,ch27,hyeon-chung,Mischa Zverev,z168,mischa-zverev,,32,62 41 (RET),2,0,10,3,0,0,2018-580-ch27-z168,/en/scores/2018/580/MS108/match-stats
95,2018-580,6,australian-open,/en/scores/archive/australian-open/580/2018/results,Round of 128,7,33,Marcos Baghdatis,b837,marcos-baghdatis,Yuki Bhambri,bf55,yuki-bhambri,,Q,76(4) 64 63,3,0,19,13,1,0,2018-580-b837-bf55,/en/scores/2018/580/MS082/match-stats
96,2018-580,6,australian-open,/en/scores/archive/australian-open/580/2018/results,Round of 128,7,34,Nikoloz Basilashvili,bg23,nikoloz-basilashvili,Gerald Melzer,mi43,gerald-melzer,,,63 64 26 63,3,1,20,16,0,0,2018-580-bg23-mi43,/en/scores/2018/580/MS090/match-stats
97,2018-580,6,australian-open,/en/scores/archive/australian-open/580/2018/results,Round of 128,7,35,Julien Benneteau,b747,julien-benneteau,Taro Daniel,da81,taro-daniel,,,67(6) 76(0) 64 61,3,1,25,18,1,1,2018-580-b747-da81,/en/scores/2018/580/MS113/match-stats
98,2018-580,6,australian-open,/en/scores/archive/australian-open/580/2018/results,Round of 128,7,36,Alexandr Dolgopolov,d801,alexandr-dolgopolov,Andreas Haider-Maurer,h804,andreas-haider-maurer,,PR,76(3) 63 64,3,0,19,13,1,0,2018-580-d801-h804,/en/scores/2018/580/MS070/match-stats
99,2018-580,6,australian-open,/en/scores/archive/australian-open/580/2018/results,Round of 128,7,37,Evgeny Donskoy,d864,evgeny-donskoy,Florian Mayer,mb02,florian-mayer,,,64 64 64,3,0,18,12,0,0,2018-580-d864-mb02,/en/scores/2018/580/MS114/match-stats
100,2018-580,6,australian-open,/en/scores/archive/australian-open/580/2018/results,Round of 128,7,38,Marton Fucsovics,f724,marton-fucsovics,Radu Albot,a829,radu-albot,,,62 63 46 75,3,1,23,16,0,0,2018-580-f724-a829,/en/scores/2018/580/MS121/match-stats
101,2018-580,6,australian-open,/en/scores/archive/australian-open/580/2018/results,Round of 128,7,39,Guillermo Garcia-Lopez,g476,guillermo-garcia-lopez,Benoit Paire,pd31,benoit-paire,,,60 67(4) 61 64,3,1,24,12,0,1,2018-580-g476-pd31,/en/scores/2018/580/MS117/match-stats
102,2018-580,6,australian-open,/en/scores/archive/australian-open/580/2018/results,Round of 128,7,40,Peter Gojowczyk,g967,peter-gojowczyk,Mikhail Kukushkin,k926,mikhail-kukushkin,,,63 63 61,3,0,18,7,0,0,2018-580-g967-k926,/en/scores/2018/580/MS110/match-stats
103,2018-580,6,australian-open,/en/scores/archive/australian-open/580/2018/results,Round of 128,7,41,Ryan Harrison,h940,ryan-harrison,Dudi Sela,sc56,dudi-sela,,,63 57 36 75 62,3,2,27,23,0,0,2018-580-h940-sc56,/en/scores/2018/580/MS077/match-stats
104,2018-580,6,australian-open,/en/scores/archive/australian-open/580/2018/results,Round of 128,7,42,Denis Istomin,i165,denis-istomin,Pierre-Hugues Herbert,h996,pierre-hugues-herbert,,,62 61 57 76(3),3,1,24,16,1,0,2018-580-i165-h996,/en/scores/2018/580/MS089/match-stats
105,2018-580,6,australian-open,/en/scores/archive/australian-open/580/2018/results,Round of 128,7,43,Malek Jaziri,j267,malek-jaziri,Salvatore Caruso,ce25,salvatore-caruso,,Q,67(2) 36 63 75 63,3,2,28,24,0,1,2018-580-j267-ce25,/en/scores/2018/580/MS074/match-stats
106,2018-580,6,australian-open,/en/scores/archive/australian-open/580/2018/results,Round of 128,7,44,Ivo Karlovic,k336,ivo-karlovic,Laslo Djere,db63,laslo-djere,,,76(3) 63 76(2),3,0,20,15,2,0,2018-580-k336-db63,/en/scores/2018/580/MS094/match-stats
107,2018-580,6,australian-open,/en/scores/archive/australian-open/580/2018/results,Round of 128,7,45,Karen Khachanov,ke29,karen-khachanov,Peter Polansky,pb22,peter-polansky,,LL,76(3) 76(2) 64,3,0,20,16,2,0,2018-580-ke29-pb22,/en/scores/2018/580/MS118/match-stats
108,2018-580,6,australian-open,/en/scores/archive/australian-open/580/2018/results,Round of 128,7,46,Nicolas Kicker,kc29,nicolas-kicker,Jordan Thompson,tc61,jordan-thompson,,,63 61 46 36 63,3,2,25,19,0,0,2018-580-kc29-tc61,/en/scores/2018/580/MS122/match-stats
109,2018-580,6,australian-open,/en/scores/archive/australian-open/580/2018/results,Round of 128,7,47,Denis Kudla,kb09,denis-kudla,Steve Johnson,j386,steve-johnson,Q,,67(5) 63 76(3) 62,3,1,25,18,1,1,2018-580-kb09-j386,/en/scores/2018/580/MS097/match-stats
110,2018-580,6,australian-open,/en/scores/archive/australian-open/580/2018/results,Round of 128,7,48,Maximilian Marterer,mn13,maximilian-marterer,Cedrik-Marcel Stebe,sk94,cedrik-marcel-stebe,,,60 63 64,3,0,18,7,0,0,2018-580-mn13-sk94,/en/scores/2018/580/MS101/match-stats
111,2018-580,6,australian-open,/en/scores/archive/australian-open/580/2018/results,Round of 128,7,49,Leonardo Mayer,md56,leonardo-mayer,Nicolas Jarry,j551,nicolas-jarry,,,62 76(1) 63,3,0,19,11,1,0,2018-580-md56-j551,/en/scores/2018/580/MS065/match-stats
112,2018-580,6,australian-open,/en/scores/archive/australian-open/580/2018/results,Round of 128,7,50,Mackenzie McDonald,mk66,mackenzie-mcdonald,Elias Ymer,y218,elias-ymer,Q,Q,64 63 46 61,3,1,22,14,0,0,2018-580-mk66-y218,/en/scores/2018/580/MS081/match-stats
113,2018-580,6,australian-open,/en/scores/archive/australian-open/580/2018/results,Round of 128,7,51,Daniil Medvedev,mm58,daniil-medvedev,Thanasi Kokkinakis,kd46,thanasi-kokkinakis,,WC,62 67(6) 76(8) 64,3,1,25,19,1,1,2018-580-mm58-kd46,/en/scores/2018/580/MS109/match-stats
114,2018-580,6,australian-open,/en/scores/archive/australian-open/580/2018/results,Round of 128,7,52,John Millman,mh30,john-millman,Borna Coric,cg80,borna-coric,PR,,75 64 61,3,0,19,10,0,0,2018-580-mh30-cg80,/en/scores/2018/580/MS066/match-stats
115,2018-580,6,australian-open,/en/scores/archive/australian-open/580/2018/results,Round of 128,7,53,Gael Monfils,mc65,gael-monfils,Jaume Munar,mu94,jaume-munar,,Q,63 76(5) 64,3,0,19,13,1,0,2018-580-mc65-mu94,/en/scores/2018/580/MS105/match-stats
116,2018-580,6,australian-open,/en/scores/archive/australian-open/580/2018/results,Round of 128,7,54,Casper Ruud,rh16,casper-ruud,Quentin Halys,hb64,quentin-halys,Q,Q,63 36 67(5) 75 119,3,2,33,30,0,1,2018-580-rh16-hb64,/en/scores/2018/580/MS069/match-stats
117,2018-580,6,australian-open,/en/scores/archive/australian-open/580/2018/results,Round of 128,7,55,Tennys Sandgren,sl08,tennys-sandgren,Jeremy Chardy,ca12,jeremy-chardy,,,64 76(2) 62,3,0,19,12,1,0,2018-580-sl08-ca12,/en/scores/2018/580/MS102/match-stats
118,2018-580,6,australian-open,/en/scores/archive/australian-open/580/2018/results,Round of 128,7,56,Andreas Seppi,sa93,andreas-seppi,Corentin Moutet,mw02,corentin-moutet,,WC,36 64 62 62,3,1,21,14,0,0,2018-580-sa93-mw02,/en/scores/2018/580/MS093/match-stats
119,2018-580,6,australian-open,/en/scores/archive/australian-open/580/2018/results,Round of 128,7,57,Denis Shapovalov,su55,denis-shapovalov,Stefanos Tsitsipas,te51,stefanos-tsitsipas,,,61 63 76(5),3,0,19,10,1,0,2018-580-su55-te51,/en/scores/2018/580/MS086/match-stats
120,2018-580,6,australian-open,/en/scores/archive/australian-open/580/2018/results,Round of 128,7,58,Gilles Simon,sd32,gilles-simon,Marius Copil,ca99,marius-copil,,,75 64 63,3,0,19,12,0,0,2018-580-sd32-ca99,/en/scores/2018/580/MS073/match-stats
121,2018-580,6,australian-open,/en/scores/archive/australian-open/580/2018/results,Round of 128,7,59,Tim Smyczek,sf62,tim-smyczek,Alexei Popyrin,p09z,alexei-popyrin,WC,WC,63 67(14) 63 63,3,1,24,16,0,1,2018-580-sf62-p09z,/en/scores/2018/580/MS106/match-stats
122,2018-580,6,australian-open,/en/scores/archive/australian-open/580/2018/results,Round of 128,7,60,Lorenzo Sonego,su87,lorenzo-sonego,Robin Haase,h756,robin-haase,Q,,63 75 67(6) 75,3,1,26,20,0,1,2018-580-su87-h756,/en/scores/2018/580/MS125/match-stats
123,2018-580,6,australian-open,/en/scores/archive/australian-open/580/2018/results,Round of 128,7,61,Joao Sousa,sh90,joao-sousa,Dustin Brown,ba65,dustin-brown,,Q,64 63 46 67(4) 61,3,2,28,21,0,1,2018-580-sh90-ba65,/en/scores/2018/580/MS078/match-stats
124,2018-580,6,australian-open,/en/scores/archive/australian-open/580/2018/results,Round of 128,7,62,Jan-Lennard Struff,sl28,jan-lennard-struff,Soonwoo Kwon,kf17,soonwoo-kwon,,WC,61 62 64,3,0,18,7,0,0,2018-580-sl28-kf17,/en/scores/2018/580/MS126/match-stats
125,2018-580,6,australian-open,/en/scores/archive/australian-open/580/2018/results,Round of 128,7,63,Viktor Troicki,t840,viktor-troicki,Alex Bolt,bi81,alex-bolt,,WC,67(2) 46 62 63 64,3,2,28,22,0,1,2018-580-t840-bi81,/en/scores/2018/580/MS085/match-stats
126,2018-580,6,australian-open,/en/scores/archive/australian-open/580/2018/results,Round of 128,7,64,Jiri Vesely,v708,jiri-vesely,Vaclav Safranek,sn77,vaclav-safranek,,Q,64 63 63,3,0,18,10,0,0,2018-580-v708-sn77,/en/scores/2018/580/MS098/match-stats
127,2018-580,6,australian-open,/en/scores/archive/australian-open/580/2018/results,3rd Round Qualifying,8,1,Quentin Halys,hb64,quentin-halys,Bjorn Fratangelo,f811,bjorn-fratangelo,22,4,75 61,2,0,13,6,0,0,2018-580-hb64-f811,/en/scores/2018/580/QS019/match-stats
128,2018-580,6,australian-open,/en/scores/archive/australian-open/580/2018/results,3rd Round Qualifying,8,2,Vasek Pospisil,pd07,vasek-pospisil,Ramkumar Ramanathan,rb56,ramkumar-ramanathan,5,28,64 46 64,2,1,16,14,0,0,2018-580-pd07-rb56,/en/scores/2018/580/QS020/match-stats
129,2018-580,6,australian-open,/en/scores/archive/australian-open/580/2018/results,3rd Round Qualifying,8,3,Casper Ruud,rh16,casper-ruud,Ernesto Escobedo,e873,ernesto-escobedo,25,11,62 67(2) 61,2,1,18,10,0,1,2018-580-rh16-e873,/en/scores/2018/580/QS026/match-stats
130,2018-580,6,australian-open,/en/scores/archive/australian-open/580/2018/results,3rd Round Qualifying,8,4,Ruben Bemelmans,be54,ruben-bemelmans,Duckhee Lee,le01,duckhee-lee,13,,64 64,2,0,12,8,0,0,2018-580-be54-le01,/en/scores/2018/580/QS028/match-stats
131,2018-580,6,australian-open,/en/scores/archive/australian-open/580/2018/results,3rd Round Qualifying,8,5,Yuki Bhambri,bf55,yuki-bhambri,Peter Polansky,pb22,peter-polansky,15,26,16 63 63,2,1,13,12,0,0,2018-580-bf55-pb22,/en/scores/2018/580/QS030/match-stats
132,2018-580,6,australian-open,/en/scores/archive/australian-open/580/2018/results,3rd Round Qualifying,8,6,Dustin Brown,ba65,dustin-brown,Stefan Kozlov,ke64,stefan-kozlov,17,,64 36 63,2,1,15,13,0,0,2018-580-ba65-ke64,/en/scores/2018/580/QS025/match-stats
133,2018-580,6,australian-open,/en/scores/archive/australian-open/580/2018/results,3rd Round Qualifying,8,7,Denis Kudla,kb09,denis-kudla,Matteo Berrettini,bk40,matteo-berrettini,,20,46 63 75,2,1,17,14,0,0,2018-580-kb09-bk40,/en/scores/2018/580/QS022/match-stats
134,2018-580,6,australian-open,/en/scores/archive/australian-open/580/2018/results,3rd Round Qualifying,8,8,Elias Ymer,y218,elias-ymer,Darian King,kc86,darian-king,27,,63 64,2,0,12,7,0,0,2018-580-y218-kc86,/en/scores/2018/580/QS024/match-stats
135,2018-580,6,australian-open,/en/scores/archive/australian-open/580/2018/results,3rd Round Qualifying,8,9,Lorenzo Sonego,su87,lorenzo-sonego,Bernard Tomic,ta46,bernard-tomic,,29,61 67(5) 64,2,1,18,12,0,1,2018-580-su87-ta46,/en/scores/2018/580/QS027/match-stats
136,2018-580,6,australian-open,/en/scores/archive/australian-open/580/2018/results,3rd Round Qualifying,8,10,Matthias Bachinger,bc65,matthias-bachinger,Alejandro Gonzalez,g892,alejandro-gonzalez,,PR,61 64,2,0,12,5,0,0,2018-580-bc65-g892,/en/scores/2018/580/QS031/match-stats
137,2018-580,6,australian-open,/en/scores/archive/australian-open/580/2018/results,3rd Round Qualifying,8,11,Salvatore Caruso,ce25,salvatore-caruso,Mathias Bourgue,bk19,mathias-bourgue,,,36 76(5) 64,2,1,16,16,1,0,2018-580-ce25-bk19,/en/scores/2018/580/QS016/match-stats
138,2018-580,6,australian-open,/en/scores/archive/australian-open/580/2018/results,3rd Round Qualifying,8,12,Kevin King,kb14,kevin-king,John-Patrick Smith,sj55,john-patrick-smith,,,64 76(6),2,0,13,10,1,0,2018-580-kb14-sj55,/en/scores/2018/580/QS021/match-stats
139,2018-580,6,australian-open,/en/scores/archive/australian-open/580/2018/results,3rd Round Qualifying,8,13,Mackenzie McDonald,mk66,mackenzie-mcdonald,Stephane Robert,r612,stephane-robert,,,76(5) 67(7) 64,2,1,19,17,1,1,2018-580-mk66-r612,/en/scores/2018/580/QS023/match-stats
140,2018-580,6,australian-open,/en/scores/archive/australian-open/580/2018/results,3rd Round Qualifying,8,14,Jaume Munar,mu94,jaume-munar,Bradley Mousley,mn44,bradley-mousley,,WC,75 62,2,0,13,7,0,0,2018-580-mu94-mn44,/en/scores/2018/580/QS018/match-stats
141,2018-580,6,australian-open,/en/scores/archive/australian-open/580/2018/results,3rd Round Qualifying,8,15,Dennis Novak,db59,dennis-novak,Go Soeda,sc47,go-soeda,,,46 62 62,2,1,16,10,0,0,2018-580-db59-sc47,/en/scores/2018/580/QS017/match-stats
142,2018-580,6,australian-open,/en/scores/archive/australian-open/580/2018/results,3rd Round Qualifying,8,16,Vaclav Safranek,sn77,vaclav-safranek,Andrea Collarini,cc66,andrea-collarini,,,76(5) 62,2,0,13,8,1,0,2018-580-sn77-cc66,/en/scores/2018/580/QS029/match-stats
143,2018-580,6,australian-open,/en/scores/archive/australian-open/580/2018/results,2nd Round Qualifying,9,1,Mathias Bourgue,bk19,mathias-bourgue,Taylor Fritz,fb98,taylor-fritz,,1,76(3) 06 64,2,1,13,16,1,0,2018-580-bk19-fb98,/en/scores/2018/580/QS032/match-stats
144,2018-580,6,australian-open,/en/scores/archive/australian-open/580/2018/results,2nd Round Qualifying,9,2,Bjorn Fratangelo,f811,bjorn-fratangelo,Zsombor Piros,p09o,zsombor-piros,4,WC,63 64,2,0,12,7,0,0,2018-580-f811-p09o,/en/scores/2018/580/QS038/match-stats
145,2018-580,6,australian-open,/en/scores/archive/australian-open/580/2018/results,2nd Round Qualifying,9,3,Vasek Pospisil,pd07,vasek-pospisil,Stefano Napolitano,n679,stefano-napolitano,5,,61 67(5) 75,2,1,19,13,0,1,2018-580-pd07-n679,/en/scores/2018/580/QS040/match-stats
146,2018-580,6,australian-open,/en/scores/archive/australian-open/580/2018/results,2nd Round Qualifying,9,4,John-Patrick Smith,sj55,john-patrick-smith,Cameron Norrie,n771,cameron-norrie,,6,64 62,2,0,12,6,0,0,2018-580-sj55-n771,/en/scores/2018/580/QS042/match-stats
147,2018-580,6,australian-open,/en/scores/archive/australian-open/580/2018/results,2nd Round Qualifying,9,5,Darian King,kc86,darian-king,Alexander Bublik,bk92,alexander-bublik,,9,75 60,2,0,13,5,0,0,2018-580-kc86-bk92,/en/scores/2018/580/QS048/match-stats
148,2018-580,6,australian-open,/en/scores/archive/australian-open/580/2018/results,2nd Round Qualifying,9,6,Stefan Kozlov,ke64,stefan-kozlov,Yannick Hanfmann,h997,yannick-hanfmann,,10,46 76(2) 64,2,1,17,16,1,0,2018-580-ke64-h997,/en/scores/2018/580/QS050/match-stats
149,2018-580,6,australian-open,/en/scores/archive/australian-open/580/2018/results,2nd Round Qualifying,9,7,Ernesto Escobedo,e873,ernesto-escobedo,Alessandro Giannessi,g983,alessandro-giannessi,11,,63 62,2,0,12,5,0,0,2018-580-e873-g983,/en/scores/2018/580/QS052/match-stats
150,2018-580,6,australian-open,/en/scores/archive/australian-open/580/2018/results,2nd Round Qualifying,9,8,Ruben Bemelmans,be54,ruben-bemelmans,Viktor Galovic,gb61,viktor-galovic,13,,57 63 75,2,1,18,15,0,0,2018-580-be54-gb61,/en/scores/2018/580/QS056/match-stats
151,2018-580,6,australian-open,/en/scores/archive/australian-open/580/2018/results,2nd Round Qualifying,9,9,Yuki Bhambri,bf55,yuki-bhambri,Carlos Taberner,te16,carlos-taberner,15,,60 62,2,0,12,2,0,0,2018-580-bf55-te16,/en/scores/2018/580/QS060/match-stats
152,2018-580,6,australian-open,/en/scores/archive/australian-open/580/2018/results,2nd Round Qualifying,9,10,Dustin Brown,ba65,dustin-brown,Di Wu,w571,di-wu,17,,36 64 76(16),2,1,16,16,1,0,2018-580-ba65-w571,/en/scores/2018/580/QS051/match-stats
153,2018-580,6,australian-open,/en/scores/archive/australian-open/580/2018/results,2nd Round Qualifying,9,11,Matteo Berrettini,bk40,matteo-berrettini,Hubert Hurkacz,hb71,hubert-hurkacz,20,,76(5) 63,2,0,13,9,1,0,2018-580-bk40-hb71,/en/scores/2018/580/QS045/match-stats
154,2018-580,6,australian-open,/en/scores/archive/australian-open/580/2018/results,2nd Round Qualifying,9,12,Jaume Munar,mu94,jaume-munar,Stefano Travaglia,ta12,stefano-travaglia,,21,62 62,2,0,12,4,0,0,2018-580-mu94-ta12,/en/scores/2018/580/QS037/match-stats
155,2018-580,6,australian-open,/en/scores/archive/australian-open/580/2018/results,2nd Round Qualifying,9,13,Quentin Halys,hb64,quentin-halys,Pedja Krstin,kd70,pedja-krstin,22,,46 63 60,2,1,16,9,0,0,2018-580-hb64-kd70,/en/scores/2018/580/QS039/match-stats
156,2018-580,6,australian-open,/en/scores/archive/australian-open/580/2018/results,2nd Round Qualifying,9,14,Salvatore Caruso,ce25,salvatore-caruso,Norbert Gombos,gb93,norbert-gombos,,24,36 63 63,2,1,15,12,0,0,2018-580-ce25-gb93,/en/scores/2018/580/QS033/match-stats
157,2018-580,6,australian-open,/en/scores/archive/australian-open/580/2018/results,2nd Round Qualifying,9,15,Casper Ruud,rh16,casper-ruud,Dmitry Popko,pg20,dmitry-popko,25,,75 63,2,0,13,8,0,0,2018-580-rh16-pg20,/en/scores/2018/580/QS053/match-stats
158,2018-580,6,australian-open,/en/scores/archive/australian-open/580/2018/results,2nd Round Qualifying,9,16,Peter Polansky,pb22,peter-polansky,Christian Harrison,hb05,christian-harrison,26,,62 75,2,0,13,7,0,0,2018-580-pb22-hb05,/en/scores/2018/580/QS061/match-stats
159,2018-580,6,australian-open,/en/scores/archive/australian-open/580/2018/results,2nd Round Qualifying,9,17,Elias Ymer,y218,elias-ymer,Dennis Novikov,n674,dennis-novikov,27,,67(3) 63 63,2,1,18,13,0,1,2018-580-y218-n674,/en/scores/2018/580/QS049/match-stats
160,2018-580,6,australian-open,/en/scores/archive/australian-open/580/2018/results,2nd Round Qualifying,9,18,Ramkumar Ramanathan,rb56,ramkumar-ramanathan,Gleb Sakharov,sj22,gleb-sakharov,28,,64 76(10),2,0,13,10,1,0,2018-580-rb56-sj22,/en/scores/2018/580/QS041/match-stats
161,2018-580,6,australian-open,/en/scores/archive/australian-open/580/2018/results,2nd Round Qualifying,9,19,Bernard Tomic,ta46,bernard-tomic,Tommy Paul,pl56,tommy-paul,29,,60 67(5) 76(4),2,1,19,13,1,1,2018-580-ta46-pl56,/en/scores/2018/580/QS055/match-stats
162,2018-580,6,australian-open,/en/scores/archive/australian-open/580/2018/results,2nd Round Qualifying,9,20,Matthias Bachinger,bc65,matthias-bachinger,James Duckworth,d994,james-duckworth,,PR,64 64,2,0,12,8,0,0,2018-580-bc65-d994,/en/scores/2018/580/QS062/match-stats
163,2018-580,6,australian-open,/en/scores/archive/australian-open/580/2018/results,2nd Round Qualifying,9,21,Andrea Collarini,cc66,andrea-collarini,Federico Gaio,gb53,federico-gaio,,,63 67(4) 64,2,1,18,14,0,1,2018-580-cc66-gb53,/en/scores/2018/580/QS058/match-stats
164,2018-580,6,australian-open,/en/scores/archive/australian-open/580/2018/results,2nd Round Qualifying,9,22,Alejandro Gonzalez,g892,alejandro-gonzalez,Calvin Hemery,hb48,calvin-hemery-,PR,,63 64,2,0,12,7,0,0,2018-580-g892-hb48,/en/scores/2018/580/QS063/match-stats
165,2018-580,6,australian-open,/en/scores/archive/australian-open/580/2018/results,2nd Round Qualifying,9,23,Kevin King,kb14,kevin-king,Zdenek Kolar,kh56,zdenek-kolar,,,61 76(2),2,0,13,7,1,0,2018-580-kb14-kh56,/en/scores/2018/580/QS043/match-stats
166,2018-580,6,australian-open,/en/scores/archive/australian-open/580/2018/results,2nd Round Qualifying,9,24,Denis Kudla,kb09,denis-kudla,Tobias Kamke,k839,tobias-kamke,,,62 75,2,0,13,7,0,0,2018-580-kb09-k839,/en/scores/2018/580/QS044/match-stats
167,2018-580,6,australian-open,/en/scores/archive/australian-open/580/2018/results,2nd Round Qualifying,9,25,Duckhee Lee,le01,duckhee-lee,Frank Dancevic,d499,frank-dancevic,,PR,46 76(8) 63,2,1,17,15,1,0,2018-580-le01-d499,/en/scores/2018/580/QS057/match-stats
168,2018-580,6,australian-open,/en/scores/archive/australian-open/580/2018/results,2nd Round Qualifying,9,26,Mackenzie McDonald,mk66,mackenzie-mcdonald,Jozef Kovalik,kc04,jozef-kovalik,,,62 62,2,0,12,4,0,0,2018-580-mk66-kc04,/en/scores/2018/580/QS046/match-stats
169,2018-580,6,australian-open,/en/scores/archive/australian-open/580/2018/results,2nd Round Qualifying,9,27,Bradley Mousley,mn44,bradley-mousley,Ricardo Ojeda Lara,o408,ricardo-ojeda-lara,WC,,57 63 64,2,1,17,14,0,0,2018-580-mn44-o408,/en/scores/2018/580/QS036/match-stats
170,2018-580,6,australian-open,/en/scores/archive/australian-open/580/2018/results,2nd Round Qualifying,9,28,Dennis Novak,db59,dennis-novak,Danilo Petrovic,pe02,danilo-petrovic,,,67(5) 64 75,2,1,19,16,0,1,2018-580-db59-pe02,/en/scores/2018/580/QS034/match-stats
171,2018-580,6,australian-open,/en/scores/archive/australian-open/580/2018/results,2nd Round Qualifying,9,29,Stephane Robert,r612,stephane-robert,Karim-Mohamed Maamoun,mj70,karim-mohamed-maamoun-,,,46 62 42 (RET),2,1,14,10,0,0,2018-580-r612-mj70,/en/scores/2018/580/QS047/match-stats
172,2018-580,6,australian-open,/en/scores/archive/australian-open/580/2018/results,2nd Round Qualifying,9,30,Vaclav Safranek,sn77,vaclav-safranek,Andrew Whittington,w630,andrew-whittington,,,62 63,2,0,12,5,0,0,2018-580-sn77-w630,/en/scores/2018/580/QS059/match-stats
173,2018-580,6,australian-open,/en/scores/archive/australian-open/580/2018/results,2nd Round Qualifying,9,31,Go Soeda,sc47,go-soeda,Alexey Vatutin,v717,alexey-vatutin,,,63 60,2,0,12,3,0,0,2018-580-sc47-v717,/en/scores/2018/580/QS035/match-stats
174,2018-580,6,australian-open,/en/scores/archive/australian-open/580/2018/results,2nd Round Qualifying,9,32,Lorenzo Sonego,su87,lorenzo-sonego,Mohamed Safwat,sk47,mohamed-safwat,,,63 76(5),2,0,13,9,1,0,2018-580-su87-sk47,/en/scores/2018/580/QS054/match-stats
175,2018-580,6,australian-open,/en/scores/archive/australian-open/580/2018/results,1st Round Qualifying,10,1,Taylor Fritz,fb98,taylor-fritz,Sam Groth,g940,sam-groth,1,,64 36 76(3),2,1,16,16,1,0,2018-580-fb98-g940,/en/scores/2018/580/QS064/match-stats
176,2018-580,6,australian-open,/en/scores/archive/australian-open/580/2018/results,1st Round Qualifying,10,2,Danilo Petrovic,pe02,danilo-petrovic,Nicolas Mahut,m873,nicolas-mahut,,2,76(4) 63,2,0,13,9,1,0,2018-580-pe02-m873,/en/scores/2018/580/QS068/match-stats
177,2018-580,6,australian-open,/en/scores/archive/australian-open/580/2018/results,1st Round Qualifying,10,3,Bradley Mousley,mn44,bradley-mousley,Marco Cecchinato,cf01,marco-cecchinato,WC,3,63 76(3),2,0,13,9,1,0,2018-580-mn44-cf01,/en/scores/2018/580/QS072/match-stats
178,2018-580,6,australian-open,/en/scores/archive/australian-open/580/2018/results,1st Round Qualifying,10,4,Bjorn Fratangelo,f811,bjorn-fratangelo,Mitchell Krueger,kc12,mitchell-krueger,4,,76(4) 63,2,0,13,9,1,0,2018-580-f811-kc12,/en/scores/2018/580/QS076/match-stats
179,2018-580,6,australian-open,/en/scores/archive/australian-open/580/2018/results,1st Round Qualifying,10,5,Vasek Pospisil,pd07,vasek-pospisil,Lorenzo Giustino,ga79,lorenzo-giustino,5,,75 76(5),2,0,14,11,1,0,2018-580-pd07-ga79,/en/scores/2018/580/QS080/match-stats
180,2018-580,6,australian-open,/en/scores/archive/australian-open/580/2018/results,1st Round Qualifying,10,6,Cameron Norrie,n771,cameron-norrie,Filip Peliwo,pf65,filip-peliwo,6,,61 67(4) 64,2,1,18,12,0,1,2018-580-n771-pf65,/en/scores/2018/580/QS084/match-stats
181,2018-580,6,australian-open,/en/scores/archive/australian-open/580/2018/results,1st Round Qualifying,10,7,Denis Kudla,kb09,denis-kudla,Roberto Carballes Baena,cf59,roberto-carballes-baena,,7,63 75,2,0,13,8,0,0,2018-580-kb09-cf59,/en/scores/2018/580/QS088/match-stats
182,2018-580,6,australian-open,/en/scores/archive/australian-open/580/2018/results,1st Round Qualifying,10,8,Jozef Kovalik,kc04,jozef-kovalik,Gastao Elias,e698,gastao-elias,,8,62 62,2,0,12,4,0,0,2018-580-kc04-e698,/en/scores/2018/580/QS092/match-stats
183,2018-580,6,australian-open,/en/scores/archive/australian-open/580/2018/results,1st Round Qualifying,10,9,Alexander Bublik,bk92,alexander-bublik,Goncalo Oliveira,o482,goncalo-oliveira,9,,63 16 63,2,1,13,12,0,0,2018-580-bk92-o482,/en/scores/2018/580/QS096/match-stats
184,2018-580,6,australian-open,/en/scores/archive/australian-open/580/2018/results,1st Round Qualifying,10,10,Yannick Hanfmann,h997,yannick-hanfmann,Evan King,kb37,evan-king,10,,61 76(8),2,0,13,7,1,0,2018-580-h997-kb37,/en/scores/2018/580/QS100/match-stats
185,2018-580,6,australian-open,/en/scores/archive/australian-open/580/2018/results,1st Round Qualifying,10,11,Ernesto Escobedo,e873,ernesto-escobedo,Pablo Andujar,a596,pablo-andujar,11,PR,62 62,2,0,12,4,0,0,2018-580-e873-a596,/en/scores/2018/580/QS104/match-stats
186,2018-580,6,australian-open,/en/scores/archive/australian-open/580/2018/results,1st Round Qualifying,10,12,Lorenzo Sonego,su87,lorenzo-sonego,Thiago Monteiro,mj08,thiago-monteiro,,12,75 63,2,0,13,8,0,0,2018-580-su87-mj08,/en/scores/2018/580/QS108/match-stats
187,2018-580,6,australian-open,/en/scores/archive/australian-open/580/2018/results,1st Round Qualifying,10,13,Ruben Bemelmans,be54,ruben-bemelmans,Kamil Majchrzak,mq75,kamil-majchrzak,13,,75 57 75,2,1,19,17,0,0,2018-580-be54-mq75,/en/scores/2018/580/QS112/match-stats
188,2018-580,6,australian-open,/en/scores/archive/australian-open/580/2018/results,1st Round Qualifying,10,14,Federico Gaio,gb53,federico-gaio,Henri Laaksonen,l949,henri-laaksonen,,14,64 63,2,0,12,7,0,0,2018-580-gb53-l949,/en/scores/2018/580/QS116/match-stats
189,2018-580,6,australian-open,/en/scores/archive/australian-open/580/2018/results,1st Round Qualifying,10,15,Yuki Bhambri,bf55,yuki-bhambri,Brayden Schnur,sp24,brayden-schnur,15,,16 63 64,2,1,13,13,0,0,2018-580-bf55-sp24,/en/scores/2018/580/QS120/match-stats
190,2018-580,6,australian-open,/en/scores/archive/australian-open/580/2018/results,1st Round Qualifying,10,16,Matthias Bachinger,bc65,matthias-bachinger,Sergiy Stakhovsky,sc77,sergiy-stakhovsky,,16,46 76(4) 63,2,1,17,15,1,0,2018-580-bc65-sc77,/en/scores/2018/580/QS124/match-stats
191,2018-580,6,australian-open,/en/scores/archive/australian-open/580/2018/results,1st Round Qualifying,10,17,Dustin Brown,ba65,dustin-brown,Guido Andreozzi,a887,guido-andreozzi,17,,63 36 63,2,1,15,12,0,0,2018-580-ba65-a887,/en/scores/2018/580/QS103/match-stats
192,2018-580,6,australian-open,/en/scores/archive/australian-open/580/2018/results,1st Round Qualifying,10,18,Frank Dancevic,d499,frank-dancevic,Adrian Menendez-Maceiras,mb53,adrian-menendez-maceiras,PR,18,36 76(6) 63,2,1,16,15,1,0,2018-580-d499-mb53,/en/scores/2018/580/QS115/match-stats
193,2018-580,6,australian-open,/en/scores/archive/australian-open/580/2018/results,1st Round Qualifying,10,19,Alejandro Gonzalez,g892,alejandro-gonzalez,Mirza Basic,be67,mirza-basic,PR,19,76(2) 62,2,0,13,8,1,0,2018-580-g892-be67,/en/scores/2018/580/QS127/match-stats
194,2018-580,6,australian-open,/en/scores/archive/australian-open/580/2018/results,1st Round Qualifying,10,20,Matteo Berrettini,bk40,matteo-berrettini,Liam Broady,bi23,liam-broady,20,,57 63 76(5),2,1,18,16,1,0,2018-580-bk40-bi23,/en/scores/2018/580/QS091/match-stats
195,2018-580,6,australian-open,/en/scores/archive/australian-open/580/2018/results,1st Round Qualifying,10,21,Stefano Travaglia,ta12,stefano-travaglia,Nikola Milojevic,mm66,nikola-milojevic,21,,64 67(5) 64,2,1,18,15,0,1,2018-580-ta12-mm66,/en/scores/2018/580/QS075/match-stats
196,2018-580,6,australian-open,/en/scores/archive/australian-open/580/2018/results,1st Round Qualifying,10,22,Quentin Halys,hb64,quentin-halys,Marco Trungelliti,ta29,marco-trungelliti,22,,62 57 76(4),2,1,18,15,1,0,2018-580-hb64-ta29,/en/scores/2018/580/QS079/match-stats
197,2018-580,6,australian-open,/en/scores/archive/australian-open/580/2018/results,1st Round Qualifying,10,23,Go Soeda,sc47,go-soeda,Oscar Otte,o449,oscar-otte,,23,63 76(5),2,0,13,9,1,0,2018-580-sc47-o449,/en/scores/2018/580/QS071/match-stats
198,2018-580,6,australian-open,/en/scores/archive/australian-open/580/2018/results,1st Round Qualifying,10,24,Norbert Gombos,gb93,norbert-gombos,Maverick Banes,bh87,maverick-banes,24,WC,67(5) 64 76(5),2,1,19,17,1,1,2018-580-gb93-bh87,/en/scores/2018/580/QS067/match-stats
199,2018-580,6,australian-open,/en/scores/archive/australian-open/580/2018/results,1st Round Qualifying,10,25,Casper Ruud,rh16,casper-ruud,Tatsuma Ito,i230,tatsuma-ito,25,,46 61 64,2,1,16,11,0,0,2018-580-rh16-i230,/en/scores/2018/580/QS107/match-stats
200,2018-580,6,australian-open,/en/scores/archive/australian-open/580/2018/results,1st Round Qualifying,10,26,Peter Polansky,pb22,peter-polansky,Joao Domingues,d985,joao-domingues,26,,76(2) 64,2,0,13,10,1,0,2018-580-pb22-d985,/en/scores/2018/580/QS123/match-stats
201,2018-580,6,australian-open,/en/scores/archive/australian-open/580/2018/results,1st Round Qualifying,10,27,Elias Ymer,y218,elias-ymer,Kenny De Schepper,d750,kenny-de-schepper,27,,62 76(2),2,0,13,8,1,0,2018-580-y218-d750,/en/scores/2018/580/QS099/match-stats
202,2018-580,6,australian-open,/en/scores/archive/australian-open/580/2018/results,1st Round Qualifying,10,28,Ramkumar Ramanathan,rb56,ramkumar-ramanathan,Bradley Klahn,ka98,bradley-klahn,28,,67(6) 76(3) 62,2,1,19,15,1,1,2018-580-rb56-ka98,/en/scores/2018/580/QS083/match-stats
203,2018-580,6,australian-open,/en/scores/archive/australian-open/580/2018/results,1st Round Qualifying,10,29,Bernard Tomic,ta46,bernard-tomic,Vincent Millot,me31,vincent-millot,29,,61 63,2,0,12,4,0,0,2018-580-ta46-me31,/en/scores/2018/580/QS111/match-stats
204,2018-580,6,australian-open,/en/scores/archive/australian-open/580/2018/results,1st Round Qualifying,10,30,Stephane Robert,r612,stephane-robert,Sebastian Ofner,o513,sebastian-ofner,,30,76(5) 75,2,0,14,11,1,0,2018-580-r612-o513,/en/scores/2018/580/QS095/match-stats
205,2018-580,6,australian-open,/en/scores/archive/australian-open/580/2018/results,1st Round Qualifying,10,31,Kevin King,kb14,kevin-king,Uladzimir Ignatik,i236,uladzimir-ignatik,,31,76(2) 62,2,0,13,8,1,0,2018-580-kb14-i236,/en/scores/2018/580/QS087/match-stats
206,2018-580,6,australian-open,/en/scores/archive/australian-open/580/2018/results,1st Round Qualifying,10,32,Vaclav Safranek,sn77,vaclav-safranek,Renzo Olivo,o376,renzo-olivo,,32,76(2) 62,2,0,13,8,1,0,2018-580-sn77-o376,/en/scores/2018/580/QS119/match-stats
207,2018-580,6,australian-open,/en/scores/archive/australian-open/580/2018/results,1st Round Qualifying,10,33,Mathias Bourgue,bk19,mathias-bourgue,Arthur De Greef,d981,arthur-de-greef,,,36 63 64,2,1,15,13,0,0,2018-580-bk19-d981,/en/scores/2018/580/QS065/match-stats
208,2018-580,6,australian-open,/en/scores/archive/australian-open/580/2018/results,1st Round Qualifying,10,34,Salvatore Caruso,ce25,salvatore-caruso,Cem Ilkel,i306,cem-ilkel,,,62 64,2,0,12,6,0,0,2018-580-ce25-i306,/en/scores/2018/580/QS066/match-stats
209,2018-580,6,australian-open,/en/scores/archive/australian-open/580/2018/results,1st Round Qualifying,10,35,Andrea Collarini,cc66,andrea-collarini,Joao Souza,sg64,joao-souza,,,67(5) 62 64,2,1,18,13,0,1,2018-580-cc66-sg64,/en/scores/2018/580/QS117/match-stats
210,2018-580,6,australian-open,/en/scores/archive/australian-open/580/2018/results,1st Round Qualifying,10,36,James Duckworth,d994,james-duckworth,Omar Jasika,j553,omar-jasika,PR,WC,62 64,2,0,12,6,0,0,2018-580-d994-j553,/en/scores/2018/580/QS125/match-stats
211,2018-580,6,australian-open,/en/scores/archive/australian-open/580/2018/results,1st Round Qualifying,10,37,Viktor Galovic,gb61,viktor-galovic,Miomir Kecmanovic,ki95,miomir-kecmanovic,,,46 76(5) 64,2,1,17,16,1,0,2018-580-gb61-ki95,/en/scores/2018/580/QS113/match-stats
212,2018-580,6,australian-open,/en/scores/archive/australian-open/580/2018/results,1st Round Qualifying,10,38,Alessandro Giannessi,g983,alessandro-giannessi,Sumit Nagal,n897,sumit-nagal,,,76(5) 36 63,2,1,16,15,1,0,2018-580-g983-n897,/en/scores/2018/580/QS105/match-stats
213,2018-580,6,australian-open,/en/scores/archive/australian-open/580/2018/results,1st Round Qualifying,10,39,Christian Harrison,hb05,christian-harrison,Reilly Opelka,o522,reilly-opelka,,,76(0) 76(8),2,0,14,12,2,0,2018-580-hb05-o522,/en/scores/2018/580/QS122/match-stats
214,2018-580,6,australian-open,/en/scores/archive/australian-open/580/2018/results,1st Round Qualifying,10,40,Calvin Hemery,hb48,calvin-hemery-,Tomislav Brkic,be68,tomislav-brkic,,,64 75,2,0,13,9,0,0,2018-580-hb48-be68,/en/scores/2018/580/QS126/match-stats
215,2018-580,6,australian-open,/en/scores/archive/australian-open/580/2018/results,1st Round Qualifying,10,41,Hubert Hurkacz,hb71,hubert-hurkacz,Teymuraz Gabashvili,g681,teymuraz-gabashvili,,,63 36 63,2,1,15,12,0,0,2018-580-hb71-g681,/en/scores/2018/580/QS090/match-stats
216,2018-580,6,australian-open,/en/scores/archive/australian-open/580/2018/results,1st Round Qualifying,10,42,Tobias Kamke,k839,tobias-kamke,Prajnesh Gunneswaran,ga94,prajnesh-gunneswaran,,,46 61 62,2,1,16,9,0,0,2018-580-k839-ga94,/en/scores/2018/580/QS089/match-stats
217,2018-580,6,australian-open,/en/scores/archive/australian-open/580/2018/results,1st Round Qualifying,10,43,Darian King,kc86,darian-king,Marc Polmans,pg94,marc-polmans,,WC,62 76(3),2,0,13,8,1,0,2018-580-kc86-pg94,/en/scores/2018/580/QS097/match-stats
218,2018-580,6,australian-open,/en/scores/archive/australian-open/580/2018/results,1st Round Qualifying,10,44,Zdenek Kolar,kh56,zdenek-kolar,Yasutaka Uchiyama,u134,yasutaka-uchiyama,,,76(5) 64,2,0,13,10,1,0,2018-580-kh56-u134,/en/scores/2018/580/QS086/match-stats
219,2018-580,6,australian-open,/en/scores/archive/australian-open/580/2018/results,1st Round Qualifying,10,45,Stefan Kozlov,ke64,stefan-kozlov,Blake Ellis,ea27,blake-ellis,,WC,76(3) 46 76(3),2,1,18,18,2,0,2018-580-ke64-ea27,/en/scores/2018/580/QS101/match-stats
220,2018-580,6,australian-open,/en/scores/archive/australian-open/580/2018/results,1st Round Qualifying,10,46,Pedja Krstin,kd70,pedja-krstin,Adam Pavlasek,pg32,adam-pavlasek,,,36 63 76(3),2,1,16,15,1,0,2018-580-kd70-pg32,/en/scores/2018/580/QS078/match-stats
221,2018-580,6,australian-open,/en/scores/archive/australian-open/580/2018/results,1st Round Qualifying,10,47,Duckhee Lee,le01,duckhee-lee,Ze Zhang,z272,ze-zhang,,,63 36 63,2,1,15,12,0,0,2018-580-le01-z272,/en/scores/2018/580/QS114/match-stats
222,2018-580,6,australian-open,/en/scores/archive/australian-open/580/2018/results,1st Round Qualifying,10,48,Karim-Mohamed Maamoun,mj70,karim-mohamed-maamoun-,Marcelo Arevalo,a853,marcelo-arevalo,,,62 57 75,2,1,18,14,0,0,2018-580-mj70-a853,/en/scores/2018/580/QS094/match-stats
223,2018-580,6,australian-open,/en/scores/archive/australian-open/580/2018/results,1st Round Qualifying,10,49,Mackenzie McDonald,mk66,mackenzie-mcdonald,Noah Rubin,rc96,noah-rubin,,,61 60,2,0,12,1,0,0,2018-580-mk66-rc96,/en/scores/2018/580/QS093/match-stats
224,2018-580,6,australian-open,/en/scores/archive/australian-open/580/2018/results,1st Round Qualifying,10,50,Jaume Munar,mu94,jaume-munar,Andrea Arnaboldi,a622,andrea-arnaboldi,,,62 64,2,0,12,6,0,0,2018-580-mu94-a622,/en/scores/2018/580/QS074/match-stats
225,2018-580,6,australian-open,/en/scores/archive/australian-open/580/2018/results,1st Round Qualifying,10,51,Stefano Napolitano,n679,stefano-napolitano,Alexander Sarkissian,sl07,alexander-sarkissian,,,67(5) 76(4) 40 (RET),2,1,17,13,1,1,2018-580-n679-sl07,/en/scores/2018/580/QS081/match-stats
226,2018-580,6,australian-open,/en/scores/archive/australian-open/580/2018/results,1st Round Qualifying,10,52,Dennis Novak,db59,dennis-novak,Ilya Ivashka,i305,ilya-ivashka,,,64 46 76(5),2,1,17,16,1,0,2018-580-db59-i305,/en/scores/2018/580/QS069/match-stats
227,2018-580,6,australian-open,/en/scores/archive/australian-open/580/2018/results,1st Round Qualifying,10,53,Dennis Novikov,n674,dennis-novikov,Marinko Matosevic,me05,marinko-matosevic,,WC,63 76(3),2,0,13,9,1,0,2018-580-n674-me05,/en/scores/2018/580/QS098/match-stats
228,2018-580,6,australian-open,/en/scores/archive/australian-open/580/2018/results,1st Round Qualifying,10,54,Ricardo Ojeda Lara,o408,ricardo-ojeda-lara,Luca Vanni,v495,luca-vanni,,,76(8) 36 63,2,1,16,15,1,0,2018-580-o408-v495,/en/scores/2018/580/QS073/match-stats
229,2018-580,6,australian-open,/en/scores/archive/australian-open/580/2018/results,1st Round Qualifying,10,55,Tommy Paul,pl56,tommy-paul,Blaz Rola,ra51,blaz-rola,,,67(3) 76(2) 76(5),2,1,20,19,2,1,2018-580-pl56-ra51,/en/scores/2018/580/QS110/match-stats
230,2018-580,6,australian-open,/en/scores/archive/australian-open/580/2018/results,1st Round Qualifying,10,56,Zsombor Piros,p09o,zsombor-piros,Facundo Bagnis,bf23,facundo-bagnis,WC,,46 76(7) 62,2,1,17,14,1,0,2018-580-p09o-bf23,/en/scores/2018/580/QS077/match-stats
231,2018-580,6,australian-open,/en/scores/archive/australian-open/580/2018/results,1st Round Qualifying,10,57,Dmitry Popko,pg20,dmitry-popko,Max Purcell,ph71,max-purcell,,WC,64 76(4),2,0,13,10,1,0,2018-580-pg20-ph71,/en/scores/2018/580/QS106/match-stats
232,2018-580,6,australian-open,/en/scores/archive/australian-open/580/2018/results,1st Round Qualifying,10,58,Mohamed Safwat,sk47,mohamed-safwat,Jurgen Zopp,z254,jurgen-zopp,,,64 63,2,0,12,7,0,0,2018-580-sk47-z254,/en/scores/2018/580/QS109/match-stats
233,2018-580,6,australian-open,/en/scores/archive/australian-open/580/2018/results,1st Round Qualifying,10,59,Gleb Sakharov,sj22,gleb-sakharov,Edan Leshem,ld26,edan-leshem,,,76(4) 64,2,0,13,10,1,0,2018-580-sj22-ld26,/en/scores/2018/580/QS082/match-stats
234,2018-580,6,australian-open,/en/scores/archive/australian-open/580/2018/results,1st Round Qualifying,10,60,John-Patrick Smith,sj55,john-patrick-smith,Aldin Setkic,sf41,aldin-setkic,,,62 67(5) 63,2,1,18,12,0,1,2018-580-sj55-sf41,/en/scores/2018/580/QS085/match-stats
235,2018-580,6,australian-open,/en/scores/archive/australian-open/580/2018/results,1st Round Qualifying,10,61,Carlos Taberner,te16,carlos-taberner,Joao Monteiro,mm60,joao-monteiro,,,62 46 75,2,1,17,13,0,0,2018-580-te16-mm60,/en/scores/2018/580/QS121/match-stats
236,2018-580,6,australian-open,/en/scores/archive/australian-open/580/2018/results,1st Round Qualifying,10,62,Alexey Vatutin,v717,alexey-vatutin,Jason Jung,j380,jason-jung,,,61 57 62,2,1,17,10,0,0,2018-580-v717-j380,/en/scores/2018/580/QS070/match-stats
237,2018-580,6,australian-open,/en/scores/archive/australian-open/580/2018/results,1st Round Qualifying,10,63,Andrew Whittington,w630,andrew-whittington,Michael Mmoh,mp01,michael-mmoh,,,76(2) 61,2,0,13,7,1,0,2018-580-w630-mp01,/en/scores/2018/580/QS118/match-stats
238,2018-580,6,australian-open,/en/scores/archive/australian-open/580/2018/results,1st Round Qualifying,10,64,Di Wu,w571,di-wu,Dayne Kelly,ka22,dayne-kelly,,WC,61 76(3),2,0,13,7,1,0,2018-580-w571-ka22,/en/scores/2018/580/QS102/match-stats
